state_name,year,ai_jobs_count,percent,all_jobs_state_year,state_ai_share_within_state
Alabama,2010,1,0.6711409395973155,160,0.00625
Alabama,2011,2,1.2658227848101267,220,0.00909090909090909
Alabama,2012,2,1.0204081632653061,197,0.01015228426395939
Alabama,2013,1,0.3597122302158273,240,0.004166666666666667
Alabama,2014,4,1.0554089709762533,248,0.016129032258064516
Alabama,2015,1,0.22988505747126436,288,0.003472222222222222
Alabama,2016,2,0.4166666666666667,344,0.005813953488372093
Alabama,2017,4,0.6920415224913494,351,0.011396011396011397
Alabama,2018,5,0.574052812858783,422,0.011848341232227487
Alabama,2019,3,0.336322869955157,389,0.007712082262210797
Alabama,2020,6,0.6912442396313364,407,0.014742014742014743
Alabama,2021,11,1.0119595216191353,544,0.02022058823529412
Alabama,2022,14,1.0401188707280833,611,0.022913256955810146
Alabama,2023,9,0.9782608695652174,552,0.016304347826086956
Alaska,2010,0,0,67,0
Alaska,2011,0,0,62,0
Alaska,2012,1,0.5102040816326531,89,0.011235955056179775
Alaska,2013,0,0,95,0
Alaska,2014,3,0.7915567282321899,113,0.02654867256637168
Alaska,2015,0,0,98,0
Alaska,2016,0,0,93,0
Alaska,2017,0,0,80,0
Alaska,2018,1,0.1148105625717566,73,0.0136986301369863
Alaska,2019,0,0,82,0
Alaska,2020,1,0.1152073732718894,83,0.012048192771084338
Alaska,2021,0,0,107,0
Alaska,2022,1,0.07429420505200594,117,0.008547008547008548
Alaska,2023,3,0.32608695652173914,116,0.02586206896551724
Arizona,2010,1,0.6711409395973155,282,0.0035460992907801418
Arizona,2011,6,3.7974683544303796,461,0.013015184381778741
Arizona,2012,1,0.5102040816326531,315,0.0031746031746031746
Arizona,2013,8,2.8776978417266186,431,0.018561484918793503
Arizona,2014,7,1.8469656992084433,495,0.014141414141414142
Arizona,2015,9,2.0689655172413794,640,0.0140625
Arizona,2016,7,1.4583333333333333,620,0.01129032258064516
Arizona,2017,8,1.3840830449826989,635,0.012598425196850394
Arizona,2018,22,2.5258323765786455,869,0.02531645569620253
Arizona,2019,13,1.4573991031390134,919,0.014145810663764961
Arizona,2020,25,2.880184331797235,1005,0.024875621890547265
Arizona,2021,32,2.9438822447102115,1265,0.025296442687747035
Arizona,2022,33,2.4517087667161963,1374,0.024017467248908297
Arizona,2023,16,1.7391304347826086,1014,0.015779092702169626
Arkansas,2010,1,0.6711409395973155,84,0.011904761904761904
Arkansas,2011,0,0,108,0
Arkansas,2012,2,1.0204081632653061,117,0.017094017094017096
Arkansas,2013,0,0,155,0
Arkansas,2014,1,0.2638522427440633,167,0.005988023952095809
Arkansas,2015,2,0.45977011494252873,186,0.010752688172043012
Arkansas,2016,0,0,256,0
Arkansas,2017,2,0.3460207612456747,193,0.010362694300518135
Arkansas,2018,2,0.2296211251435132,189,0.010582010582010581
Arkansas,2019,3,0.336322869955157,175,0.017142857142857144
Arkansas,2020,3,0.3456221198156682,191,0.015706806282722512
Arkansas,2021,1,0.09199632014719411,292,0.003424657534246575
Arkansas,2022,10,0.7429420505200595,357,0.028011204481792718
Arkansas,2023,4,0.43478260869565216,271,0.014760147601476014
California,2010,27,18.120805369127517,1564,0.017263427109974423
California,2011,23,14.556962025316455,1750,0.013142857142857144
California,2012,50,25.510204081632654,1936,0.025826446280991736
California,2013,44,15.827338129496402,2446,0.017988552739165987
California,2014,71,18.733509234828496,2518,0.028196981731532962
California,2015,68,15.632183908045977,2939,0.023137121469887716
California,2016,91,18.958333333333332,3184,0.02858040201005025
California,2017,99,17.1280276816609,3069,0.03225806451612903
California,2018,156,17.91044776119403,4478,0.034836980794997766
California,2019,171,19.170403587443946,5095,0.033562315996074586
California,2020,138,15.898617511520737,4742,0.029101644875579924
California,2021,184,16.927322907083717,5744,0.03203342618384401
California,2022,182,13.521545319465082,6271,0.029022484452240472
California,2023,112,12.173913043478262,4399,0.025460331893612183
Colorado,2010,1,0.6711409395973155,270,0.003703703703703704
Colorado,2011,4,2.5316455696202533,369,0.01084010840108401
Colorado,2012,5,2.5510204081632653,424,0.01179245283018868
Colorado,2013,10,3.5971223021582732,547,0.018281535648994516
Colorado,2014,5,1.3192612137203166,616,0.008116883116883116
Colorado,2015,10,2.2988505747126435,648,0.015432098765432098
Colorado,2016,7,1.4583333333333333,652,0.010736196319018405
Colorado,2017,11,1.9031141868512111,700,0.015714285714285715
Colorado,2018,19,2.1814006888633752,957,0.019853709508881923
Colorado,2019,27,3.0269058295964126,1072,0.025186567164179104
Colorado,2020,25,2.880184331797235,985,0.025380710659898477
Colorado,2021,27,2.483900643974241,1249,0.021617293835068056
Colorado,2022,24,1.7830609212481427,1372,0.01749271137026239
Colorado,2023,33,3.5869565217391304,991,0.033299697275479316
Connecticut,2010,3,2.0134228187919465,208,0.014423076923076924
Connecticut,2011,0,0,227,0
Connecticut,2012,2,1.0204081632653061,228,0.008771929824561403
Connecticut,2013,4,1.4388489208633093,326,0.012269938650306749
Connecticut,2014,5,1.3192612137203166,318,0.015723270440251572
Connecticut,2015,5,1.1494252873563218,304,0.01644736842105263
Connecticut,2016,9,1.875,386,0.023316062176165803
Connecticut,2017,6,1.0380622837370241,354,0.01694915254237288
Connecticut,2018,11,1.2629161882893227,390,0.028205128205128206
Connecticut,2019,8,0.8968609865470852,326,0.024539877300613498
Connecticut,2020,9,1.0368663594470047,384,0.0234375
Connecticut,2021,20,1.8399264029438822,569,0.0351493848857645
Connecticut,2022,15,1.1144130757800892,511,0.029354207436399216
Connecticut,2023,14,1.5217391304347827,499,0.028056112224448898
Delaware,2010,1,0.6711409395973155,67,0.014925373134328358
Delaware,2011,2,1.2658227848101267,67,0.029850746268656716
Delaware,2012,2,1.0204081632653061,77,0.025974025974025976
Delaware,2013,3,1.079136690647482,88,0.03409090909090909
Delaware,2014,2,0.5277044854881267,113,0.017699115044247787
Delaware,2015,2,0.45977011494252873,99,0.020202020202020204
Delaware,2016,5,1.0416666666666667,106,0.04716981132075472
Delaware,2017,4,0.6920415224913494,114,0.03508771929824561
Delaware,2018,4,0.4592422502870264,96,0.041666666666666664
Delaware,2019,2,0.2242152466367713,70,0.02857142857142857
Delaware,2020,4,0.4608294930875576,107,0.037383177570093455
Delaware,2021,6,0.5519779208831647,143,0.04195804195804196
Delaware,2022,3,0.22288261515601784,151,0.019867549668874173
Delaware,2023,8,0.8695652173913043,111,0.07207207207207207
Florida,2010,4,2.684563758389262,560,0.007142857142857143
Florida,2011,8,5.063291139240507,703,0.011379800853485065
Florida,2012,8,4.081632653061225,625,0.0128
Florida,2013,4,1.4388489208633093,982,0.004073319755600814
Florida,2014,8,2.1108179419525066,1111,0.0072007200720072
Florida,2015,20,4.597701149425287,1277,0.015661707126076743
Florida,2016,25,5.208333333333333,1295,0.019305019305019305
Florida,2017,29,5.017301038062284,1244,0.023311897106109324
Florida,2018,25,2.8702640642939152,1689,0.014801657785671996
Florida,2019,32,3.587443946188341,1921,0.01665799062988027
Florida,2020,34,3.9170506912442398,2083,0.01632261161785886
Florida,2021,39,3.5878564857405704,2803,0.013913663931501962
Florida,2022,53,3.9375928677563152,3289,0.016114320462146548
Florida,2023,32,3.4782608695652173,2523,0.012683313515655966
Georgia,2010,2,1.342281879194631,326,0.006134969325153374
Georgia,2011,8,5.063291139240507,537,0.0148975791433892
Georgia,2012,6,3.061224489795918,539,0.011131725417439703
Georgia,2013,4,1.4388489208633093,650,0.006153846153846154
Georgia,2014,12,3.1662269129287597,709,0.01692524682651622
Georgia,2015,8,1.839080459770115,760,0.010526315789473684
Georgia,2016,15,3.125,882,0.017006802721088437
Georgia,2017,9,1.5570934256055364,903,0.009966777408637873
Georgia,2018,28,3.214695752009185,1010,0.027722772277227723
Georgia,2019,31,3.475336322869955,1094,0.0283363802559415
Georgia,2020,23,2.6497695852534564,1178,0.019524617996604415
Georgia,2021,41,3.7718491260349585,1560,0.026282051282051282
Georgia,2022,44,3.2689450222882614,1628,0.02702702702702703
Georgia,2023,39,4.239130434782608,1270,0.030708661417322834
Hawaii,2010,0,0,59,0
Hawaii,2011,1,0.6329113924050633,84,0.011904761904761904
Hawaii,2012,0,0,106,0
Hawaii,2013,0,0,79,0
Hawaii,2014,1,0.2638522427440633,84,0.011904761904761904
Hawaii,2015,0,0,77,0
Hawaii,2016,3,0.625,72,0.041666666666666664
Hawaii,2017,2,0.3460207612456747,87,0.022988505747126436
Hawaii,2018,2,0.2296211251435132,120,0.016666666666666666
Hawaii,2019,3,0.336322869955157,130,0.023076923076923078
Hawaii,2020,1,0.1152073732718894,103,0.009708737864077669
Hawaii,2021,9,0.827966881324747,165,0.05454545454545454
Hawaii,2022,5,0.37147102526002973,183,0.0273224043715847
Hawaii,2023,3,0.32608695652173914,193,0.015544041450777202
Idaho,2010,0,0,50,0
Idaho,2011,0,0,72,0
Idaho,2012,0,0,92,0
Idaho,2013,1,0.3597122302158273,127,0.007874015748031496
Idaho,2014,1,0.2638522427440633,149,0.006711409395973154
Idaho,2015,0,0,128,0
Idaho,2016,1,0.20833333333333334,115,0.008695652173913044
Idaho,2017,1,0.17301038062283736,120,0.008333333333333333
Idaho,2018,1,0.1148105625717566,141,0.0070921985815602835
Idaho,2019,2,0.2242152466367713,136,0.014705882352941176
Idaho,2020,3,0.3456221198156682,191,0.015706806282722512
Idaho,2021,3,0.27598896044158233,291,0.010309278350515464
Idaho,2022,12,0.8915304606240714,329,0.0364741641337386
Idaho,2023,8,0.8695652173913043,226,0.035398230088495575
Illinois,2010,8,5.369127516778524,493,0.016227180527383367
Illinois,2011,6,3.7974683544303796,618,0.009708737864077669
Illinois,2012,11,5.612244897959184,612,0.017973856209150325
Illinois,2013,9,3.237410071942446,925,0.00972972972972973
Illinois,2014,22,5.804749340369393,1149,0.019147084421235857
Illinois,2015,25,5.747126436781609,1088,0.02297794117647059
Illinois,2016,17,3.5416666666666665,1061,0.016022620169651274
Illinois,2017,23,3.9792387543252596,1064,0.021616541353383457
Illinois,2018,45,5.1664753157290475,1221,0.036855036855036855
Illinois,2019,37,4.147982062780269,1387,0.026676279740447006
Illinois,2020,30,3.456221198156682,1398,0.02145922746781116
Illinois,2021,54,4.967801287948482,1824,0.029605263157894735
Illinois,2022,68,5.052005943536404,1907,0.0356581017304667
Illinois,2023,38,4.130434782608695,1632,0.023284313725490197
Indiana,2010,0,0,213,0
Indiana,2011,0,0,244,0
Indiana,2012,1,0.5102040816326531,252,0.003968253968253968
Indiana,2013,0,0,393,0
Indiana,2014,0,0,417,0
Indiana,2015,1,0.22988505747126436,444,0.0022522522522522522
Indiana,2016,2,0.4166666666666667,428,0.004672897196261682
Indiana,2017,5,0.8650519031141869,462,0.010822510822510822
Indiana,2018,11,1.2629161882893227,596,0.018456375838926176
Indiana,2019,8,0.8968609865470852,606,0.013201320132013201
Indiana,2020,5,0.576036866359447,752,0.006648936170212766
Indiana,2021,10,0.9199632014719411,1029,0.009718172983479106
Indiana,2022,14,1.0401188707280833,1047,0.013371537726838587
Indiana,2023,11,1.1956521739130435,857,0.012835472578763127
Iowa,2010,0,0,150,0
Iowa,2011,2,1.2658227848101267,231,0.008658008658008658
Iowa,2012,0,0,195,0
Iowa,2013,0,0,291,0
Iowa,2014,1,0.2638522427440633,365,0.0027397260273972603
Iowa,2015,2,0.45977011494252873,358,0.00558659217877095
Iowa,2016,4,0.8333333333333334,365,0.010958904109589041
Iowa,2017,7,1.2110726643598615,385,0.01818181818181818
Iowa,2018,4,0.4592422502870264,408,0.00980392156862745
Iowa,2019,3,0.336322869955157,326,0.009202453987730062
Iowa,2020,4,0.4608294930875576,303,0.013201320132013201
Iowa,2021,6,0.5519779208831647,452,0.01327433628318584
Iowa,2022,11,0.8172362555720654,447,0.024608501118568233
Iowa,2023,7,0.7608695652173914,486,0.01440329218106996
Kansas,2010,1,0.6711409395973155,130,0.007692307692307693
Kansas,2011,1,0.6329113924050633,161,0.006211180124223602
Kansas,2012,1,0.5102040816326531,156,0.00641025641025641
Kansas,2013,0,0,234,0
Kansas,2014,3,0.7915567282321899,227,0.013215859030837005
Kansas,2015,3,0.6896551724137931,223,0.013452914798206279
Kansas,2016,2,0.4166666666666667,261,0.007662835249042145
Kansas,2017,5,0.8650519031141869,236,0.0211864406779661
Kansas,2018,1,0.1148105625717566,322,0.003105590062111801
Kansas,2019,3,0.336322869955157,290,0.010344827586206896
Kansas,2020,1,0.1152073732718894,301,0.0033222591362126247
Kansas,2021,7,0.6439742410303588,406,0.017241379310344827
Kansas,2022,10,0.7429420505200595,502,0.0199203187250996
Kansas,2023,11,1.1956521739130435,451,0.024390243902439025
Kentucky,2010,1,0.6711409395973155,121,0.008264462809917356
Kentucky,2011,1,0.6329113924050633,135,0.007407407407407408
Kentucky,2012,1,0.5102040816326531,158,0.006329113924050633
Kentucky,2013,4,1.4388489208633093,214,0.018691588785046728
Kentucky,2014,0,0,259,0
Kentucky,2015,3,0.6896551724137931,246,0.012195121951219513
Kentucky,2016,2,0.4166666666666667,368,0.005434782608695652
Kentucky,2017,2,0.3460207612456747,287,0.006968641114982578
Kentucky,2018,5,0.574052812858783,353,0.014164305949008499
Kentucky,2019,5,0.5605381165919282,409,0.012224938875305624
Kentucky,2020,6,0.6912442396313364,377,0.015915119363395226
Kentucky,2021,3,0.27598896044158233,469,0.006396588486140725
Kentucky,2022,9,0.6686478454680534,530,0.016981132075471698
Kentucky,2023,6,0.6521739130434783,443,0.013544018058690745
Louisiana,2010,1,0.6711409395973155,135,0.007407407407407408
Louisiana,2011,0,0,152,0
Louisiana,2012,1,0.5102040816326531,171,0.005847953216374269
Louisiana,2013,3,1.079136690647482,283,0.01060070671378092
Louisiana,2014,1,0.2638522427440633,275,0.0036363636363636364
Louisiana,2015,1,0.22988505747126436,241,0.004149377593360996
Louisiana,2016,1,0.20833333333333334,256,0.00390625
Louisiana,2017,2,0.3460207612456747,269,0.007434944237918215
Louisiana,2018,2,0.2296211251435132,316,0.006329113924050633
Louisiana,2019,5,0.5605381165919282,331,0.015105740181268883
Louisiana,2020,6,0.6912442396313364,344,0.01744186046511628
Louisiana,2021,8,0.7359705611775529,469,0.017057569296375266
Louisiana,2022,7,0.5200594353640416,533,0.013133208255159476
Louisiana,2023,11,1.1956521739130435,517,0.02127659574468085
Maine,2010,0,0,78,0
Maine,2011,1,0.6329113924050633,66,0.015151515151515152
Maine,2012,0,0,67,0
Maine,2013,1,0.3597122302158273,128,0.0078125
Maine,2014,1,0.2638522427440633,116,0.008620689655172414
Maine,2015,2,0.45977011494252873,135,0.014814814814814815
Maine,2016,0,0,120,0
Maine,2017,1,0.17301038062283736,103,0.009708737864077669
Maine,2018,1,0.1148105625717566,128,0.0078125
Maine,2019,1,0.11210762331838565,81,0.012345679012345678
Maine,2020,1,0.1152073732718894,79,0.012658227848101266
Maine,2021,2,0.18399264029438822,105,0.01904761904761905
Maine,2022,6,0.4457652303120357,141,0.0425531914893617
Maine,2023,1,0.10869565217391304,135,0.007407407407407408
Maryland,2010,7,4.697986577181208,332,0.02108433734939759
Maryland,2011,8,5.063291139240507,340,0.023529411764705882
Maryland,2012,4,2.0408163265306123,339,0.011799410029498525
Maryland,2013,13,4.676258992805756,484,0.026859504132231406
Maryland,2014,16,4.221635883905013,482,0.03319502074688797
Maryland,2015,17,3.9080459770114944,444,0.038288288288288286
Maryland,2016,14,2.9166666666666665,538,0.026022304832713755
Maryland,2017,11,1.9031141868512111,575,0.019130434782608695
Maryland,2018,35,4.018369690011481,742,0.04716981132075472
Maryland,2019,12,1.345291479820628,653,0.018376722817764167
Maryland,2020,32,3.686635944700461,658,0.0486322188449848
Maryland,2021,25,2.2999080036798527,728,0.034340659340659344
Maryland,2022,29,2.1545319465081723,843,0.03440094899169632
Maryland,2023,29,3.152173913043478,750,0.03866666666666667
Massachusetts,2010,6,4.026845637583893,403,0.01488833746898263
Massachusetts,2011,10,6.329113924050633,466,0.02145922746781116
Massachusetts,2012,6,3.061224489795918,391,0.015345268542199489
Massachusetts,2013,15,5.39568345323741,637,0.023547880690737835
Massachusetts,2014,27,7.124010554089709,636,0.04245283018867924
Massachusetts,2015,20,4.597701149425287,689,0.02902757619738752
Massachusetts,2016,15,3.125,723,0.02074688796680498
Massachusetts,2017,30,5.190311418685121,830,0.03614457831325301
Massachusetts,2018,28,3.214695752009185,921,0.03040173724212812
Massachusetts,2019,53,5.941704035874439,1058,0.0500945179584121
Massachusetts,2020,40,4.608294930875576,1036,0.03861003861003861
Massachusetts,2021,37,3.4038638454461823,1285,0.028793774319066146
Massachusetts,2022,65,4.829123328380386,1528,0.04253926701570681
Massachusetts,2023,49,5.326086956521739,1247,0.03929430633520449
Michigan,2010,3,2.0134228187919465,326,0.009202453987730062
Michigan,2011,4,2.5316455696202533,443,0.009029345372460496
Michigan,2012,7,3.5714285714285716,499,0.014028056112224449
Michigan,2013,7,2.5179856115107913,653,0.010719754977029096
Michigan,2014,7,1.8469656992084433,826,0.00847457627118644
Michigan,2015,11,2.528735632183908,867,0.012687427912341407
Michigan,2016,17,3.5416666666666665,939,0.01810436634717785
Michigan,2017,12,2.0761245674740483,1116,0.010752688172043012
Michigan,2018,20,2.296211251435132,1078,0.01855287569573284
Michigan,2019,22,2.4663677130044843,1021,0.021547502448579822
Michigan,2020,21,2.4193548387096775,973,0.02158273381294964
Michigan,2021,16,1.4719411223551058,1239,0.0129136400322841
Michigan,2022,37,2.74888558692422,1427,0.02592852137351086
Michigan,2023,23,2.5,1115,0.02062780269058296
Minnesota,2010,2,1.342281879194631,234,0.008547008547008548
Minnesota,2011,3,1.8987341772151898,303,0.009900990099009901
Minnesota,2012,6,3.061224489795918,262,0.022900763358778626
Minnesota,2013,4,1.4388489208633093,587,0.0068143100511073255
Minnesota,2014,9,2.37467018469657,565,0.01592920353982301
Minnesota,2015,5,1.1494252873563218,644,0.007763975155279503
Minnesota,2016,6,1.25,694,0.008645533141210375
Minnesota,2017,10,1.7301038062283738,684,0.014619883040935672
Minnesota,2018,20,2.296211251435132,792,0.025252525252525252
Minnesota,2019,16,1.7937219730941705,712,0.02247191011235955
Minnesota,2020,14,1.6129032258064515,699,0.020028612303290415
Minnesota,2021,20,1.8399264029438822,867,0.02306805074971165
Minnesota,2022,25,1.8573551263001487,964,0.025933609958506226
Minnesota,2023,11,1.1956521739130435,751,0.014647137150466045
Mississippi,2010,0,0,67,0
Mississippi,2011,0,0,88,0
Mississippi,2012,0,0,59,0
Mississippi,2013,1,0.3597122302158273,107,0.009345794392523364
Mississippi,2014,0,0,158,0
Mississippi,2015,0,0,151,0
Mississippi,2016,0,0,184,0
Mississippi,2017,1,0.17301038062283736,154,0.006493506493506494
Mississippi,2018,1,0.1148105625717566,185,0.005405405405405406
Mississippi,2019,3,0.336322869955157,146,0.02054794520547945
Mississippi,2020,2,0.2304147465437788,178,0.011235955056179775
Mississippi,2021,0,0,221,0
Mississippi,2022,10,0.7429420505200595,212,0.04716981132075472
Mississippi,2023,7,0.7608695652173914,239,0.029288702928870293
Missouri,2010,4,2.684563758389262,227,0.01762114537444934
Missouri,2011,0,0,311,0
Missouri,2012,3,1.530612244897959,323,0.009287925696594427
Missouri,2013,3,1.079136690647482,374,0.008021390374331552
Missouri,2014,2,0.5277044854881267,408,0.004901960784313725
Missouri,2015,9,2.0689655172413794,400,0.0225
Missouri,2016,6,1.25,458,0.013100436681222707
Missouri,2017,8,1.3840830449826989,538,0.01486988847583643
Missouri,2018,12,1.3777267508610793,626,0.019169329073482427
Missouri,2019,11,1.2331838565022422,585,0.018803418803418803
Missouri,2020,15,1.728110599078341,647,0.023183925811437404
Missouri,2021,16,1.4719411223551058,761,0.02102496714848883
Missouri,2022,17,1.263001485884101,935,0.01818181818181818
Missouri,2023,12,1.3043478260869565,775,0.015483870967741935
Montana,2010,0,0,32,0
Montana,2011,0,0,40,0
Montana,2012,0,0,38,0
Montana,2013,0,0,92,0
Montana,2014,0,0,93,0
Montana,2015,0,0,100,0
Montana,2016,0,0,91,0
Montana,2017,0,0,98,0
Montana,2018,2,0.2296211251435132,108,0.018518518518518517
Montana,2019,1,0.11210762331838565,92,0.010869565217391304
Montana,2020,1,0.1152073732718894,90,0.011111111111111112
Montana,2021,0,0,107,0
Montana,2022,3,0.22288261515601784,133,0.022556390977443608
Montana,2023,0,0,112,0
Nebraska,2010,0,0,112,0
Nebraska,2011,1,0.6329113924050633,119,0.008403361344537815
Nebraska,2012,0,0,102,0
Nebraska,2013,2,0.7194244604316546,162,0.012345679012345678
Nebraska,2014,3,0.7915567282321899,182,0.016483516483516484
Nebraska,2015,1,0.22988505747126436,129,0.007751937984496124
Nebraska,2016,1,0.20833333333333334,150,0.006666666666666667
Nebraska,2017,1,0.17301038062283736,165,0.006060606060606061
Nebraska,2018,3,0.34443168771526983,250,0.012
Nebraska,2019,5,0.5605381165919282,226,0.022123893805309734
Nebraska,2020,4,0.4608294930875576,196,0.02040816326530612
Nebraska,2021,6,0.5519779208831647,277,0.021660649819494584
Nebraska,2022,6,0.4457652303120357,349,0.017191977077363897
Nebraska,2023,8,0.8695652173913043,284,0.028169014084507043
Nevada,2010,0,0,133,0
Nevada,2011,2,1.2658227848101267,159,0.012578616352201259
Nevada,2012,1,0.5102040816326531,169,0.005917159763313609
Nevada,2013,2,0.7194244604316546,183,0.01092896174863388
Nevada,2014,2,0.5277044854881267,183,0.01092896174863388
Nevada,2015,1,0.22988505747126436,202,0.0049504950495049506
Nevada,2016,3,0.625,221,0.013574660633484163
Nevada,2017,2,0.3460207612456747,235,0.00851063829787234
Nevada,2018,4,0.4592422502870264,351,0.011396011396011397
Nevada,2019,4,0.4484304932735426,375,0.010666666666666666
Nevada,2020,2,0.2304147465437788,328,0.006097560975609756
Nevada,2021,4,0.36798528058877644,457,0.0087527352297593
Nevada,2022,7,0.5200594353640416,552,0.012681159420289856
Nevada,2023,10,1.0869565217391304,454,0.022026431718061675
New Hampshire,2010,2,1.342281879194631,74,0.02702702702702703
New Hampshire,2011,0,0,67,0
New Hampshire,2012,1,0.5102040816326531,54,0.018518518518518517
New Hampshire,2013,1,0.3597122302158273,96,0.010416666666666666
New Hampshire,2014,4,1.0554089709762533,118,0.03389830508474576
New Hampshire,2015,0,0,94,0
New Hampshire,2016,1,0.20833333333333334,128,0.0078125
New Hampshire,2017,2,0.3460207612456747,124,0.016129032258064516
New Hampshire,2018,3,0.34443168771526983,144,0.020833333333333332
New Hampshire,2019,1,0.11210762331838565,113,0.008849557522123894
New Hampshire,2020,3,0.3456221198156682,132,0.022727272727272728
New Hampshire,2021,8,0.7359705611775529,189,0.042328042328042326
New Hampshire,2022,3,0.22288261515601784,214,0.014018691588785047
New Hampshire,2023,5,0.5434782608695652,223,0.02242152466367713
New Jersey,2010,9,6.040268456375839,493,0.018255578093306288
New Jersey,2011,11,6.962025316455696,504,0.021825396825396824
New Jersey,2012,6,3.061224489795918,512,0.01171875
New Jersey,2013,25,8.992805755395683,625,0.04
New Jersey,2014,17,4.485488126649076,630,0.026984126984126985
New Jersey,2015,14,3.218390804597701,676,0.020710059171597635
New Jersey,2016,29,6.041666666666667,743,0.039030955585464336
New Jersey,2017,34,5.882352941176471,774,0.04392764857881137
New Jersey,2018,30,3.444316877152698,902,0.03325942350332594
New Jersey,2019,20,2.242152466367713,796,0.02512562814070352
New Jersey,2020,31,3.5714285714285716,963,0.032191069574247146
New Jersey,2021,34,3.1278748850045996,1062,0.032015065913371
New Jersey,2022,54,4.011887072808321,1112,0.048561151079136694
New Jersey,2023,32,3.4782608695652173,900,0.035555555555555556
New Mexico,2010,0,0,70,0
New Mexico,2011,0,0,113,0
New Mexico,2012,0,0,97,0
New Mexico,2013,1,0.3597122302158273,133,0.007518796992481203
New Mexico,2014,1,0.2638522427440633,139,0.007194244604316547
New Mexico,2015,2,0.45977011494252873,134,0.014925373134328358
New Mexico,2016,1,0.20833333333333334,128,0.0078125
New Mexico,2017,0,0,152,0
New Mexico,2018,4,0.4592422502870264,174,0.022988505747126436
New Mexico,2019,2,0.2242152466367713,198,0.010101010101010102
New Mexico,2020,2,0.2304147465437788,190,0.010526315789473684
New Mexico,2021,3,0.27598896044158233,249,0.012048192771084338
New Mexico,2022,5,0.37147102526002973,233,0.02145922746781116
New Mexico,2023,4,0.43478260869565216,249,0.01606425702811245
New York,2010,14,9.395973154362416,773,0.018111254851228976
New York,2011,14,8.860759493670885,824,0.01699029126213592
New York,2012,17,8.673469387755102,886,0.019187358916478554
New York,2013,20,7.1942446043165464,1175,0.01702127659574468
New York,2014,32,8.443271767810026,1116,0.02867383512544803
New York,2015,52,11.954022988505747,1435,0.03623693379790941
New York,2016,32,6.666666666666667,1397,0.02290622763063708
New York,2017,47,8.131487889273357,1405,0.03345195729537367
New York,2018,56,6.42939150401837,1636,0.034229828850855744
New York,2019,74,8.295964125560538,1747,0.042358328563251287
New York,2020,52,5.990783410138249,1526,0.03407601572739188
New York,2021,60,5.519779208831647,1851,0.03241491085899514
New York,2022,77,5.720653789004458,2072,0.037162162162162164
New York,2023,63,6.8478260869565215,1780,0.03539325842696629
North Carolina,2010,3,2.0134228187919465,366,0.00819672131147541
North Carolina,2011,3,1.8987341772151898,370,0.008108108108108109
North Carolina,2012,5,2.5510204081632653,374,0.013368983957219251
North Carolina,2013,8,2.8776978417266186,606,0.013201320132013201
North Carolina,2014,8,2.1108179419525066,545,0.014678899082568808
North Carolina,2015,14,3.218390804597701,630,0.022222222222222223
North Carolina,2016,14,2.9166666666666665,624,0.022435897435897436
North Carolina,2017,15,2.5951557093425603,698,0.02148997134670487
North Carolina,2018,42,4.822043628013777,1074,0.03910614525139665
North Carolina,2019,52,5.829596412556054,1204,0.04318936877076412
North Carolina,2020,31,3.5714285714285716,1226,0.02528548123980424
North Carolina,2021,50,4.599816007359705,1428,0.0350140056022409
North Carolina,2022,47,3.4918276374442794,1619,0.029030265596046944
North Carolina,2023,20,2.1739130434782608,1324,0.015105740181268883
North Dakota,2010,0,0,24,0
North Dakota,2011,0,0,38,0
North Dakota,2012,0,0,37,0
North Dakota,2013,0,0,87,0
North Dakota,2014,1,0.2638522427440633,86,0.011627906976744186
North Dakota,2015,0,0,85,0
North Dakota,2016,0,0,77,0
North Dakota,2017,0,0,75,0
North Dakota,2018,1,0.1148105625717566,83,0.012048192771084338
North Dakota,2019,0,0,53,0
North Dakota,2020,0,0,65,0
North Dakota,2021,1,0.09199632014719411,101,0.009900990099009901
North Dakota,2022,1,0.07429420505200594,131,0.007633587786259542
North Dakota,2023,1,0.10869565217391304,120,0.008333333333333333
Ohio,2010,7,4.697986577181208,408,0.01715686274509804
Ohio,2011,3,1.8987341772151898,503,0.005964214711729622
Ohio,2012,3,1.530612244897959,491,0.006109979633401222
Ohio,2013,9,3.237410071942446,667,0.013493253373313344
Ohio,2014,6,1.5831134564643798,821,0.007308160779537149
Ohio,2015,7,1.6091954022988506,1010,0.006930693069306931
Ohio,2016,13,2.7083333333333335,918,0.014161220043572984
Ohio,2017,9,1.5570934256055364,834,0.01079136690647482
Ohio,2018,15,1.722158438576349,1125,0.013333333333333334
Ohio,2019,26,2.914798206278027,1235,0.021052631578947368
Ohio,2020,19,2.1889400921658986,1306,0.01454823889739663
Ohio,2021,25,2.2999080036798527,1577,0.01585288522511097
Ohio,2022,41,3.0460624071322435,1752,0.023401826484018264
Ohio,2023,17,1.8478260869565217,1438,0.011821974965229486
Oklahoma,2010,0,0,138,0
Oklahoma,2011,0,0,139,0
Oklahoma,2012,2,1.0204081632653061,157,0.012738853503184714
Oklahoma,2013,1,0.3597122302158273,231,0.004329004329004329
Oklahoma,2014,1,0.2638522427440633,218,0.0045871559633027525
Oklahoma,2015,1,0.22988505747126436,183,0.00546448087431694
Oklahoma,2016,2,0.4166666666666667,224,0.008928571428571428
Oklahoma,2017,4,0.6920415224913494,229,0.017467248908296942
Oklahoma,2018,2,0.2296211251435132,331,0.006042296072507553
Oklahoma,2019,1,0.11210762331838565,352,0.002840909090909091
Oklahoma,2020,2,0.2304147465437788,397,0.005037783375314861
Oklahoma,2021,3,0.27598896044158233,453,0.006622516556291391
Oklahoma,2022,6,0.4457652303120357,517,0.01160541586073501
Oklahoma,2023,12,1.3043478260869565,478,0.02510460251046025
Oregon,2010,2,1.342281879194631,176,0.011363636363636364
Oregon,2011,1,0.6329113924050633,264,0.003787878787878788
Oregon,2012,1,0.5102040816326531,214,0.004672897196261682
Oregon,2013,6,2.158273381294964,267,0.02247191011235955
Oregon,2014,9,2.37467018469657,281,0.03202846975088968
Oregon,2015,11,2.528735632183908,514,0.021400778210116732
Oregon,2016,8,1.6666666666666667,487,0.01642710472279261
Oregon,2017,7,1.2110726643598615,389,0.017994858611825194
Oregon,2018,9,1.0332950631458093,455,0.01978021978021978
Oregon,2019,10,1.1210762331838564,482,0.02074688796680498
Oregon,2020,9,1.0368663594470047,413,0.021791767554479417
Oregon,2021,17,1.5639374425022998,692,0.024566473988439308
Oregon,2022,16,1.188707280832095,734,0.021798365122615803
Oregon,2023,16,1.7391304347826086,561,0.0285204991087344
Pennsylvania,2010,5,3.3557046979865772,581,0.008605851979345954
Pennsylvania,2011,7,4.430379746835443,647,0.010819165378670788
Pennsylvania,2012,6,3.061224489795918,538,0.011152416356877323
Pennsylvania,2013,11,3.9568345323741005,802,0.01371571072319202
Pennsylvania,2014,12,3.1662269129287597,804,0.014925373134328358
Pennsylvania,2015,16,3.67816091954023,985,0.016243654822335026
Pennsylvania,2016,15,3.125,1079,0.013901760889712697
Pennsylvania,2017,17,2.9411764705882355,1102,0.015426497277676952
Pennsylvania,2018,26,2.985074626865672,1292,0.020123839009287926
Pennsylvania,2019,22,2.4663677130044843,1277,0.017227877838684416
Pennsylvania,2020,31,3.5714285714285716,1272,0.02437106918238994
Pennsylvania,2021,26,2.3919043238270468,1415,0.018374558303886925
Pennsylvania,2022,48,3.5661218424962855,1579,0.030398986700443317
Pennsylvania,2023,21,2.282608695652174,1264,0.01661392405063291
Rhode Island,2010,1,0.6711409395973155,61,0.01639344262295082
Rhode Island,2011,0,0,93,0
Rhode Island,2012,0,0,82,0
Rhode Island,2013,0,0,43,0
Rhode Island,2014,1,0.2638522427440633,101,0.009900990099009901
Rhode Island,2015,0,0,96,0
Rhode Island,2016,2,0.4166666666666667,75,0.02666666666666667
Rhode Island,2017,0,0,98,0
Rhode Island,2018,2,0.2296211251435132,89,0.02247191011235955
Rhode Island,2019,4,0.4484304932735426,106,0.03773584905660377
Rhode Island,2020,3,0.3456221198156682,125,0.024
Rhode Island,2021,2,0.18399264029438822,138,0.014492753623188406
Rhode Island,2022,5,0.37147102526002973,157,0.03184713375796178
Rhode Island,2023,8,0.8695652173913043,176,0.045454545454545456
South Carolina,2010,0,0,178,0
South Carolina,2011,0,0,189,0
South Carolina,2012,0,0,160,0
South Carolina,2013,3,1.079136690647482,271,0.01107011070110701
South Carolina,2014,0,0,276,0
South Carolina,2015,2,0.45977011494252873,235,0.00851063829787234
South Carolina,2016,0,0,306,0
South Carolina,2017,2,0.3460207612456747,336,0.005952380952380952
South Carolina,2018,1,0.1148105625717566,330,0.0030303030303030303
South Carolina,2019,3,0.336322869955157,325,0.009230769230769232
South Carolina,2020,2,0.2304147465437788,351,0.005698005698005698
South Carolina,2021,6,0.5519779208831647,483,0.012422360248447204
South Carolina,2022,6,0.4457652303120357,555,0.010810810810810811
South Carolina,2023,7,0.7608695652173914,590,0.011864406779661017
South Dakota,2010,1,0.6711409395973155,34,0.029411764705882353
South Dakota,2011,0,0,49,0
South Dakota,2012,0,0,65,0
South Dakota,2013,2,0.7194244604316546,100,0.02
South Dakota,2014,0,0,86,0
South Dakota,2015,1,0.22988505747126436,164,0.006097560975609756
South Dakota,2016,1,0.20833333333333334,148,0.006756756756756757
South Dakota,2017,1,0.17301038062283736,93,0.010752688172043012
South Dakota,2018,2,0.2296211251435132,94,0.02127659574468085
South Dakota,2019,0,0,62,0
South Dakota,2020,0,0,65,0
South Dakota,2021,0,0,95,0
South Dakota,2022,6,0.4457652303120357,109,0.05504587155963303
South Dakota,2023,4,0.43478260869565216,127,0.031496062992125984
Tennessee,2010,1,0.6711409395973155,185,0.005405405405405406
Tennessee,2011,2,1.2658227848101267,230,0.008695652173913044
Tennessee,2012,0,0,197,0
Tennessee,2013,0,0,349,0
Tennessee,2014,3,0.7915567282321899,362,0.008287292817679558
Tennessee,2015,4,0.9195402298850575,436,0.009174311926605505
Tennessee,2016,2,0.4166666666666667,489,0.00408997955010225
Tennessee,2017,3,0.5190311418685121,413,0.007263922518159807
Tennessee,2018,10,1.148105625717566,634,0.015772870662460567
Tennessee,2019,12,1.345291479820628,639,0.018779342723004695
Tennessee,2020,9,1.0368663594470047,734,0.01226158038147139
Tennessee,2021,14,1.2879484820607177,935,0.014973262032085561
Tennessee,2022,19,1.411589895988113,932,0.0203862660944206
Tennessee,2023,6,0.6521739130434783,747,0.008032128514056224
Texas,2010,9,6.040268456375839,874,0.010297482837528604
Texas,2011,8,5.063291139240507,1191,0.006717044500419815
Texas,2012,10,5.1020408163265305,1188,0.008417508417508417
Texas,2013,16,5.755395683453237,1508,0.010610079575596816
Texas,2014,28,7.387862796833773,1747,0.01602747567258157
Texas,2015,41,9.425287356321839,2022,0.020276953511374877
Texas,2016,30,6.25,1929,0.015552099533437015
Texas,2017,30,5.190311418685121,1837,0.01633097441480675
Texas,2018,67,7.6923076923076925,2719,0.024641412283927914
Texas,2019,76,8.52017937219731,3005,0.02529118136439268
Texas,2020,88,10.138248847926267,3011,0.029226170707406178
Texas,2021,112,10.303587856485741,3769,0.029716105067657202
Texas,2022,120,8.915304606240714,4283,0.02801774457156199
Texas,2023,84,9.130434782608695,3329,0.025232802643436466
Utah,2010,0,0,70,0
Utah,2011,2,1.2658227848101267,129,0.015503875968992248
Utah,2012,1,0.5102040816326531,110,0.00909090909090909
Utah,2013,1,0.3597122302158273,204,0.004901960784313725
Utah,2014,5,1.3192612137203166,237,0.02109704641350211
Utah,2015,5,1.1494252873563218,289,0.01730103806228374
Utah,2016,1,0.20833333333333334,286,0.0034965034965034965
Utah,2017,6,1.0380622837370241,302,0.019867549668874173
Utah,2018,5,0.574052812858783,322,0.015527950310559006
Utah,2019,3,0.336322869955157,306,0.00980392156862745
Utah,2020,8,0.9216589861751152,358,0.0223463687150838
Utah,2021,12,1.1039558417663293,446,0.026905829596412557
Utah,2022,12,0.8915304606240714,442,0.027149321266968326
Utah,2023,4,0.43478260869565216,383,0.010443864229765013
Vermont,2010,0,0,29,0
Vermont,2011,0,0,47,0
Vermont,2012,0,0,37,0
Vermont,2013,0,0,35,0
Vermont,2014,0,0,50,0
Vermont,2015,0,0,50,0
Vermont,2016,0,0,75,0
Vermont,2017,0,0,57,0
Vermont,2018,0,0,61,0
Vermont,2019,2,0.2242152466367713,51,0.0392156862745098
Vermont,2020,0,0,51,0
Vermont,2021,1,0.09199632014719411,55,0.01818181818181818
Vermont,2022,3,0.22288261515601784,117,0.02564102564102564
Vermont,2023,7,0.7608695652173914,87,0.08045977011494253
Virginia,2010,13,8.724832214765101,366,0.03551912568306011
Virginia,2011,7,4.430379746835443,462,0.015151515151515152
Virginia,2012,11,5.612244897959184,472,0.023305084745762712
Virginia,2013,10,3.5971223021582732,626,0.01597444089456869
Virginia,2014,12,3.1662269129287597,576,0.020833333333333332
Virginia,2015,18,4.137931034482759,745,0.024161073825503355
Virginia,2016,27,5.625,797,0.033877038895859475
Virginia,2017,49,8.477508650519031,940,0.052127659574468084
Virginia,2018,51,5.855338691159587,1166,0.04373927958833619
Virginia,2019,43,4.820627802690583,1131,0.03801945181255526
Virginia,2020,45,5.184331797235023,1121,0.04014272970561998
Virginia,2021,47,4.323827046918123,1181,0.03979678238780694
Virginia,2022,70,5.200594353640416,1367,0.051207022677395755
Virginia,2023,44,4.782608695652174,1143,0.03849518810148731
Washington,2010,3,2.0134228187919465,268,0.011194029850746268
Washington,2011,2,1.2658227848101267,358,0.00558659217877095
Washington,2012,7,3.5714285714285716,411,0.0170316301703163
Washington,2013,10,3.5971223021582732,497,0.02012072434607646
Washington,2014,13,3.430079155672823,531,0.02448210922787194
Washington,2015,16,3.67816091954023,717,0.022315202231520222
Washington,2016,26,5.416666666666667,739,0.035182679296346414
Washington,2017,37,6.401384083044983,779,0.04749679075738126
Washington,2018,42,4.822043628013777,891,0.04713804713804714
Washington,2019,29,3.2511210762331837,929,0.031216361679224973
Washington,2020,42,4.838709677419355,926,0.04535637149028078
Washington,2021,43,3.955841766329347,1152,0.03732638888888889
Washington,2022,47,3.4918276374442794,1228,0.038273615635179156
Washington,2023,24,2.608695652173913,871,0.027554535017221583
"Washington, D.c. (District Of Columbia)",2010,4,2.684563758389262,140,0.02857142857142857
"Washington, D.c. (District Of Columbia)",2011,3,1.8987341772151898,156,0.019230769230769232
"Washington, D.c. (District Of Columbia)",2012,1,0.5102040816326531,151,0.006622516556291391
"Washington, D.c. (District Of Columbia)",2013,5,1.7985611510791366,160,0.03125
"Washington, D.c. (District Of Columbia)",2014,9,2.37467018469657,170,0.052941176470588235
"Washington, D.c. (District Of Columbia)",2015,2,0.45977011494252873,181,0.011049723756906077
"Washington, D.c. (District Of Columbia)",2016,9,1.875,219,0.0410958904109589
"Washington, D.c. (District Of Columbia)",2017,12,2.0761245674740483,219,0.0547945205479452
"Washington, D.c. (District Of Columbia)",2018,20,2.296211251435132,325,0.06153846153846154
"Washington, D.c. (District Of Columbia)",2019,19,2.1300448430493275,281,0.06761565836298933
"Washington, D.c. (District Of Columbia)",2020,23,2.6497695852534564,267,0.08614232209737828
"Washington, D.c. (District Of Columbia)",2021,19,1.7479300827966882,296,0.06418918918918919
"Washington, D.c. (District Of Columbia)",2022,21,1.5601783060921248,311,0.06752411575562701
"Washington, D.c. (District Of Columbia)",2023,21,2.282608695652174,265,0.07924528301886792
West Virginia,2010,1,0.6711409395973155,56,0.017857142857142856
West Virginia,2011,1,0.6329113924050633,63,0.015873015873015872
West Virginia,2012,0,0,58,0
West Virginia,2013,1,0.3597122302158273,111,0.009009009009009009
West Virginia,2014,0,0,116,0
West Virginia,2015,0,0,87,0
West Virginia,2016,0,0,103,0
West Virginia,2017,0,0,121,0
West Virginia,2018,1,0.1148105625717566,120,0.008333333333333333
West Virginia,2019,1,0.11210762331838565,74,0.013513513513513514
West Virginia,2020,2,0.2304147465437788,81,0.024691358024691357
West Virginia,2021,2,0.18399264029438822,102,0.0196078431372549
West Virginia,2022,4,0.2971768202080238,105,0.0380952380952381
West Virginia,2023,0,0,88,0
Wisconsin,2010,0,0,181,0
Wisconsin,2011,1,0.6329113924050633,261,0.0038314176245210726
Wisconsin,2012,4,2.0408163265306123,227,0.01762114537444934
Wisconsin,2013,5,1.7985611510791366,407,0.012285012285012284
Wisconsin,2014,3,0.7915567282321899,442,0.006787330316742082
Wisconsin,2015,3,0.6896551724137931,545,0.005504587155963303
Wisconsin,2016,11,2.2916666666666665,566,0.019434628975265017
Wisconsin,2017,8,1.3840830449826989,546,0.014652014652014652
Wisconsin,2018,12,1.3777267508610793,707,0.016973125884016973
Wisconsin,2019,8,0.8968609865470852,625,0.0128
Wisconsin,2020,10,1.152073732718894,679,0.014727540500736377
Wisconsin,2021,14,1.2879484820607177,899,0.01557285873192436
Wisconsin,2022,14,1.0401188707280833,1005,0.013930348258706468
Wisconsin,2023,5,0.5434782608695652,697,0.007173601147776184
Wyoming,2010,0,0,25,0
Wyoming,2011,0,0,21,0
Wyoming,2012,0,0,20,0
Wyoming,2013,0,0,31,0
Wyoming,2014,0,0,51,0
Wyoming,2015,0,0,50,0
Wyoming,2016,1,0.20833333333333334,52,0.019230769230769232
Wyoming,2017,0,0,45,0
Wyoming,2018,0,0,60,0
Wyoming,2019,0,0,23,0
Wyoming,2020,0,0,33,0
Wyoming,2021,1,0.09199632014719411,49,0.02040816326530612
Wyoming,2022,1,0.07429420505200594,72,0.013888888888888888
Wyoming,2023,0,0,71,0
